{"stats":{"minecraft:killed":{"minecraft:spider":9,"minecraft:skeleton":16,"iceandfire:fire_dragon":1,"minecraft:chicken":5,"minecraft:creeper":8,"minecraft:sheep":3,"minecraft:pillager":4,"iceandfire:ghost":1,"minecraft:zombie":29,"minecraft:enderman":1},"minecraft:mined":{"minecraft:white_bed":1,"minecraft:oak_sapling":2,"minecraft:farmland":2,"iceandfire:silver_ore":5,"minecraft:cobblestone_stairs":4,"minecraft:cherry_log":22,"minecraft:cherry_sapling":7,"minecraft:nether_bricks":3,"minecraft:grass_block":661,"iceandfire:chared_grass":1,"minecraft:hay_block":4,"minecraft:furnace":2,"minecraft:carrots":3,"minecraft:iron_ore":20,"minecraft:fire":1,"minecraft:andesite":2,"evilcraft:dark_ore":2,"minecraft:potatoes":16,"minecraft:vine":1,"iceandfire:gold_pile":72,"minecraft:dirt_path":1,"minecraft:stripped_oak_log":41,"minecraft:stone":583,"minecraft:cherry_stairs":47,"minecraft:cherry_planks":14,"minecraft:crafting_table":1,"minecraft:torch":18,"minecraft:emerald_ore":1,"minecraft:tall_grass":13,"minecraft:copper_ore":3,"minecraft:cobblestone":202,"minecraft:sugar_cane":33,"minecraft:oak_planks":1,"minecraft:wall_torch":24,"minecraft:cherry_slab":5,"minecraft:pink_petals":425,"minecraft:cherry_fence":12,"minecraft:wheat":9,"iceandfire:ash":2,"minecraft:grass":194,"minecraft:oak_log":8,"minecraft:coal_ore":113,"minecraft:cherry_leaves":27,"minecraft:sunflower":1,"minecraft:sand":33,"minecraft:dirt":226,"minecraft:netherrack":734,"minecraft:oak_leaves":11},"minecraft:used":{"minecraft:cherry_sapling":114,"minecraft:iron_shovel":785,"minecraft:stone_shovel":138,"minecraft:chest":10,"minecraft:iron_sword":362,"minecraft:cooked_chicken":5,"minecraft:stone_hoe":138,"minecraft:netherrack":2,"minecraft:iron_chestplate":1,"minecraft:torch":169,"minecraft:dirt":576,"minecraft:nether_bricks":145,"minecraft:carrot":56,"minecraft:obsidian":2,"minecraft:iron_hoe":119,"minecraft:lava_bucket":9,"minecraft:lantern":12,"minecraft:iron_axe":336,"minecraft:cherry_slab":100,"minecraft:cherry_fence_gate":1,"iceandfire:dread_queen_sword":13,"minecraft:oak_sapling":2,"minecraft:furnace":11,"tombstone:gift":2,"minecraft:potato":199,"minecraft:cherry_fence":192,"minecraft:wheat_seeds":64,"minecraft:cooked_mutton":5,"minecraft:water_bucket":60,"minecraft:cobblestone_stairs":26,"minecraft:stone_pickaxe":786,"minecraft:baked_potato":56,"minecraft:oak_planks":7,"minecraft:cherry_planks":400,"minecraft:sugar_cane":20,"minecraft:sand":20,"minecraft:crafting_table":8,"minecraft:white_bed":2,"minecraft:oak_log":41,"minecraft:bread":14,"minecraft:iron_pickaxe":1018,"minecraft:pink_petals":16,"minecraft:cobblestone":492,"minecraft:cherry_stairs":497,"minecraft:bucket":71,"minecraft:stripped_oak_log":41,"minecraft:bone_meal":87},"minecraft:custom":{"minecraft:mob_kills":80,"minecraft:animals_bred":2,"minecraft:interact_with_crafting_table":75,"minecraft:bell_ring":1,"minecraft:leave_game":11,"minecraft:time_since_death":366059,"minecraft:climb_one_cm":2087,"minecraft:sprint_one_cm":1010839,"minecraft:walk_one_cm":1149902,"minecraft:drop":59,"minecraft:damage_dealt_absorbed":121,"minecraft:talked_to_villager":1,"minecraft:play_time":366059,"minecraft:sneak_time":9864,"minecraft:walk_under_water_one_cm":4348,"minecraft:jump":6224,"minecraft:walk_on_water_one_cm":30861,"minecraft:total_world_time":366059,"minecraft:interact_with_furnace":185,"tombstone:raider_killed":4,"minecraft:raid_trigger":1,"minecraft:sleep_in_bed":11,"minecraft:time_since_rest":24348,"minecraft:damage_taken":2601,"minecraft:trigger_trapped_chest":1,"minecraft:damage_dealt":18121,"minecraft:fly_one_cm":1320124,"minecraft:open_chest":119,"minecraft:crouch_one_cm":30577,"tombstone:undead_killed":46,"minecraft:fall_one_cm":143129},"minecraft:crafted":{"minecraft:cherry_planks":1524,"minecraft:oak_planks":96,"minecraft:stone_shovel":1,"minecraft:iron_nugget":117,"minecraft:cherry_slab":126,"minecraft:cooked_chicken":5,"minecraft:furnace":9,"minecraft:cobblestone_stairs":32,"minecraft:bone_meal":87,"minecraft:nether_brick":624,"minecraft:cooked_mutton":5,"minecraft:lantern":14,"minecraft:iron_axe":4,"minecraft:iron_hoe":1,"minecraft:cherry_stairs":456,"minecraft:stone_pickaxe":6,"minecraft:chest":10,"minecraft:stone_hoe":1,"minecraft:cherry_fence":186,"minecraft:cherry_fence_gate":1,"minecraft:wheat":36,"minecraft:crafting_table":7,"minecraft:baked_potato":147,"minecraft:nether_bricks":268,"minecraft:gold_block":12,"minecraft:bucket":2,"minecraft:bread":13,"minecraft:air":0,"minecraft:iron_chestplate":1,"minecraft:stick":188,"minecraft:iron_ingot":20,"minecraft:iron_pickaxe":5,"minecraft:iron_shovel":3,"minecraft:gold_ingot":90,"minecraft:white_bed":1,"minecraft:torch":156,"minecraft:shears":1},"minecraft:dropped":{"minecraft:stone_hoe":1,"minecraft:wheat_seeds":19,"minecraft:golden_horse_armor":1,"minecraft:poisonous_potato":1,"minecraft:feather":6,"minecraft:cobblestone":20,"minecraft:stick":4,"minecraft:dirt":16,"tombstone:grave_dust":2,"minecraft:pink_petals":1289,"minecraft:gravel":1,"minecraft:furnace":10,"minecraft:raw_copper":2,"minecraft:wheat":5,"minecraft:beetroot":1,"minecraft:rotten_flesh":12,"minecraft:shears":1,"minecraft:potato":3,"minecraft:spider_eye":1,"minecraft:arrow":8,"iceandfire:chared_grass":1},"minecraft:broken":{"minecraft:iron_shovel":2,"minecraft:stone_hoe":1,"minecraft:stone_pickaxe":6,"minecraft:iron_axe":3,"minecraft:iron_pickaxe":4,"minecraft:stone_shovel":1},"minecraft:picked_up":{"minecraft:crafting_table":1,"minecraft:wheat":92,"minecraft:chicken":5,"minecraft:lead":2,"minecraft:string":7,"minecraft:raw_copper":10,"minecraft:beetroot":1,"minecraft:gold_nugget":788,"minecraft:sugar_cane":46,"minecraft:furnace":12,"minecraft:stick":113,"minecraft:raw_iron":24,"iceandfire:dragonbone":11,"minecraft:cherry_stairs":44,"minecraft:torch":50,"iceandfire:chared_grass":1,"sophisticatedbackpacks:backpack":1,"minecraft:cherry_log":547,"tombstone:grave_dust":9,"minecraft:carrot":194,"minecraft:arrow":17,"minecraft:rotten_flesh":24,"minecraft:beetroot_seeds":4,"minecraft:nether_bricks":3,"minecraft:shears":1,"minecraft:hay_block":4,"iceandfire:fire_dragon_heart":1,"minecraft:mutton":5,"minecraft:cobblestone":805,"minecraft:white_wool":6,"minecraft:stripped_oak_log":41,"minecraft:pink_petals":1516,"minecraft:feather":6,"minecraft:cherry_planks":14,"minecraft:andesite":2,"minecraft:leather":1,"minecraft:golden_leggings":1,"minecraft:potato":601,"minecraft:oak_log":67,"minecraft:cherry_fence":13,"minecraft:gunpowder":8,"minecraft:cobblestone_stairs":4,"iceandfire:dragonscales_bronze":9,"minecraft:dirt":935,"minecraft:white_banner":2,"minecraft:bone":18,"minecraft:bow":2,"minecraft:wheat_seeds":304,"tombstone:bag_of_seeds":1,"iceandfire:fire_dragon_flesh":5,"minecraft:stone_hoe":1,"minecraft:oak_planks":2,"minecraft:poisonous_potato":4,"minecraft:gravel":1,"iceandfire:dragon_skull_fire":1,"minecraft:sand":33,"sophisticatedbackpacks:iron_backpack":1,"minecraft:grass_block":1,"minecraft:white_bed":1,"minecraft:spider_eye":5,"evilcraft:dark_gem":10,"minecraft:cherry_sapling":201,"minecraft:emerald":1,"minecraft:oak_sapling":2,"minecraft:cherry_slab":6,"minecraft:netherrack":734,"minecraft:coal":114,"iceandfire:raw_silver":5,"minecraft:ender_pearl":1,"minecraft:sunflower":2}},"DataVersion":3465}