{"stats":{"minecraft:killed":{"minecraft:witch":1,"minecraft:spider":4,"minecraft:skeleton":17,"naturalist:deer":1,"minecraft:salmon":2,"minecraft:creeper":2,"minecraft:sheep":4,"minecraft:zombie":22},"minecraft:mined":{"minecraft:diamond_ore":3,"minecraft:farmland":74,"minecraft:white_bed":1,"minecraft:oak_sapling":2,"iceandfire:silver_ore":32,"minecraft:sculk_vein":1,"minecraft:granite":74,"minecraft:grass_block":323,"minecraft:redstone_ore":16,"minecraft:furnace":7,"minecraft:carrots":2,"minecraft:iron_ore":94,"minecraft:andesite":34,"evilcraft:dark_ore":14,"minecraft:pointed_dripstone":35,"minecraft:potatoes":6,"minecraft:deepslate_iron_ore":34,"minecraft:iron_bars":14,"minecraft:lantern":4,"minecraft:stone":539,"minecraft:cherry_fence_gate":1,"minecraft:deepslate_redstone_ore":2,"minecraft:smoker":1,"minecraft:stone_brick_slab":39,"minecraft:dandelion":6,"minecraft:oak_fence":4,"minecraft:crafting_table":11,"minecraft:torch":5,"minecraft:blast_furnace":1,"minecraft:chest":2,"minecraft:tall_grass":13,"minecraft:copper_ore":20,"minecraft:cobblestone":1,"minecraft:deepslate_coal_ore":3,"minecraft:lapis_ore":4,"minecraft:deepslate_gold_ore":9,"minecraft:sugar_cane":14,"minecraft:oak_planks":13,"minecraft:diorite":51,"minecraft:wall_torch":14,"minecraft:pink_petals":5,"minecraft:cherry_fence":1,"evilcraft:dark_ore_deepslate":3,"minecraft:wheat":96,"minecraft:grass":196,"minecraft:oak_log":6,"minecraft:coal_ore":116,"minecraft:sunflower":46,"minecraft:gravel":7,"minecraft:dripstone_block":2,"minecraft:dirt":178,"minecraft:gold_ore":7,"minecraft:oak_leaves":34,"minecraft:deepslate":20},"minecraft:used":{"minecraft:oak_fence":43,"minecraft:iron_bars":78,"minecraft:stone_sword":1,"minecraft:iron_shovel":498,"minecraft:chest":5,"minecraft:stone":1,"minecraft:cooked_salmon":4,"minecraft:stone_hoe":131,"naturalist:cooked_venison":2,"minecraft:torch":87,"minecraft:dirt":565,"minecraft:carrot":9,"minecraft:granite":21,"minecraft:iron_hoe":115,"minecraft:stone_brick_slab":820,"minecraft:lava_bucket":46,"minecraft:lantern":8,"minecraft:iron_axe":145,"minecraft:iron_boots":1,"minecraft:cherry_fence_gate":1,"minecraft:bow":4,"minecraft:oak_sapling":34,"minecraft:furnace":9,"minecraft:cooked_cod":7,"tombstone:gift":5,"minecraft:potato":18,"minecraft:cobbled_deepslate":9,"minecraft:cherry_fence":1,"minecraft:pointed_dripstone":7,"minecraft:wheat_seeds":214,"minecraft:cooked_mutton":6,"minecraft:water_bucket":39,"minecraft:diorite":1,"minecraft:baked_potato":6,"minecraft:oak_planks":1,"minecraft:stone_pickaxe":262,"minecraft:glass_bottle":2,"minecraft:wooden_pickaxe":50,"minecraft:sugar_cane":27,"minecraft:rail":1,"minecraft:crafting_table":14,"minecraft:blast_furnace":2,"minecraft:white_bed":2,"minecraft:dripstone_block":2,"minecraft:smoker":2,"minecraft:apple":2,"minecraft:sunflower":49,"minecraft:bread":7,"minecraft:iron_pickaxe":888,"cfm:oak_upgraded_fence":75,"minecraft:stone_axe":43,"minecraft:pink_petals":3,"minecraft:fishing_rod":22,"minecraft:cobblestone":48,"minecraft:bucket":86,"minecraft:dandelion":6,"minecraft:bone_meal":18},"minecraft:custom":{"minecraft:mob_kills":54,"minecraft:animals_bred":18,"minecraft:interact_with_crafting_table":73,"minecraft:leave_game":14,"minecraft:time_since_death":55305,"minecraft:sprint_one_cm":554316,"minecraft:walk_one_cm":954753,"minecraft:drop":49,"minecraft:talked_to_villager":2,"minecraft:play_time":304390,"minecraft:deaths":5,"minecraft:sneak_time":28297,"minecraft:walk_under_water_one_cm":30075,"minecraft:jump":2539,"minecraft:interact_with_blast_furnace":11,"minecraft:walk_on_water_one_cm":35191,"minecraft:total_world_time":304390,"minecraft:interact_with_furnace":108,"tombstone:raider_killed":1,"minecraft:sleep_in_bed":8,"minecraft:time_since_rest":21357,"minecraft:damage_taken":2752,"minecraft:damage_dealt":9066,"minecraft:swim_one_cm":19987,"minecraft:fly_one_cm":323321,"minecraft:open_chest":76,"minecraft:crouch_one_cm":93230,"tombstone:undead_killed":39,"minecraft:fish_caught":9,"minecraft:interact_with_smoker":21,"minecraft:fall_one_cm":55763},"minecraft:dropped":{"minecraft:wheat_seeds":4,"minecraft:cobblestone":3,"minecraft:granite":4,"minecraft:dirt":33,"minecraft:diorite":50,"minecraft:gravel":13,"minecraft:cobbled_deepslate":11,"minecraft:raw_copper":16,"minecraft:pointed_dripstone":32,"minecraft:rotten_flesh":2,"evilcraft:flesh_humanoid":1,"minecraft:andesite":34,"minecraft:arrow":4,"minecraft:bow":1},"minecraft:crafted":{"minecraft:oak_planks":180,"minecraft:smooth_stone":3,"minecraft:fishing_rod":2,"naturalist:cooked_venison":2,"minecraft:iron_nugget":36,"minecraft:furnace":4,"minecraft:blast_furnace":1,"minecraft:stone":392,"minecraft:bone_meal":18,"minecraft:cooked_mutton":6,"minecraft:iron_bars":64,"minecraft:lantern":4,"minecraft:stone_brick_slab":774,"minecraft:iron_boots":1,"minecraft:iron_axe":2,"minecraft:iron_hoe":1,"minecraft:stone_pickaxe":2,"minecraft:chest":3,"minecraft:redstone_block":7,"minecraft:stone_hoe":1,"minecraft:stone_bricks":388,"minecraft:oak_fence":39,"minecraft:smoker":1,"minecraft:cooked_cod":7,"iceandfire:silver_ingot":11,"minecraft:crafting_table":4,"minecraft:baked_potato":7,"minecraft:wooden_pickaxe":1,"minecraft:iron_helmet":1,"minecraft:cooked_salmon":4,"minecraft:copper_ingot":56,"minecraft:bucket":1,"minecraft:birch_planks":8,"minecraft:stone_axe":1,"minecraft:bread":7,"minecraft:air":0,"minecraft:iron_chestplate":1,"minecraft:stick":92,"minecraft:iron_ingot":128,"minecraft:iron_pickaxe":3,"minecraft:stone_sword":1,"minecraft:iron_shovel":3,"minecraft:iron_leggings":1,"minecraft:gold_ingot":10,"minecraft:white_bed":1,"cfm:oak_upgraded_fence":128,"minecraft:torch":84},"minecraft:killed_by":{"minecraft:warden":1},"minecraft:broken":{"minecraft:iron_shovel":1,"minecraft:stone_hoe":1,"minecraft:wooden_pickaxe":1,"minecraft:stone_pickaxe":2,"minecraft:iron_axe":1,"minecraft:stone_axe":1,"minecraft:iron_pickaxe":3},"minecraft:picked_up":{"minecraft:fishing_rod":1,"minecraft:crafting_table":10,"minecraft:wheat":104,"naturalist:venison":2,"minecraft:string":4,"minecraft:raw_copper":72,"minecraft:cobbled_deepslate":42,"minecraft:sugar_cane":39,"minecraft:chest":2,"minecraft:furnace":7,"minecraft:stick":38,"minecraft:raw_iron":128,"minecraft:oak_fence":4,"minecraft:torch":16,"minecraft:pointed_dripstone":39,"tombstone:grave_dust":1,"minecraft:diorite":55,"minecraft:carrot":9,"minecraft:redstone":80,"minecraft:cherry_fence_gate":1,"minecraft:arrow":18,"minecraft:rotten_flesh":21,"minecraft:cobblestone":542,"minecraft:mutton":6,"minecraft:iron_bars":14,"minecraft:cod":7,"minecraft:rail":1,"minecraft:white_wool":4,"minecraft:birch_log":7,"minecraft:pink_petals":3,"minecraft:andesite":34,"minecraft:salmon":4,"minecraft:smoker":1,"minecraft:potato":25,"minecraft:flint":1,"evilcraft:flesh_humanoid":2,"minecraft:oak_log":154,"minecraft:cherry_fence":1,"minecraft:lantern":4,"minecraft:lapis_lazuli":21,"minecraft:dirt":613,"minecraft:bone":18,"minecraft:apple":2,"minecraft:bow":3,"minecraft:wheat_seeds":404,"minecraft:raw_gold":16,"minecraft:iron_ingot":3,"minecraft:glass_bottle":2,"minecraft:oak_planks":12,"minecraft:stone_brick_slab":46,"minecraft:dandelion":6,"minecraft:dripstone_block":2,"minecraft:gravel":13,"cfm:oak_upgraded_fence":4,"minecraft:blast_furnace":1,"minecraft:white_bed":1,"minecraft:bundle":1,"naturalist:antler":1,"minecraft:diamond":3,"evilcraft:dark_gem":75,"minecraft:granite":82,"minecraft:oak_sapling":35,"minecraft:coal":155,"iceandfire:raw_silver":32,"minecraft:sunflower":49}},"DataVersion":3465}