{"stats":{"minecraft:killed":{"minecraft:spider":15,"minecraft:skeleton":1,"minecraft:zombie":7},"minecraft:mined":{"iceandfire:silver_ore":7,"minecraft:mossy_cobblestone":2,"minecraft:cherry_log":1,"minecraft:granite":3,"minecraft:acacia_log":8,"minecraft:grass_block":709,"minecraft:oxeye_daisy":1,"minecraft:large_fern":1,"minecraft:hay_block":40,"minecraft:furnace":4,"minecraft:carrots":67,"minecraft:iron_ore":31,"minecraft:andesite":55,"evilcraft:dark_ore":5,"minecraft:azure_bluet":1,"minecraft:potatoes":3,"iceandfire:gold_pile":38,"minecraft:deepslate_iron_ore":1,"minecraft:oak_stairs":2,"minecraft:iron_bars":7,"minecraft:stone":386,"minecraft:cherry_planks":1,"minecraft:dandelion":2,"minecraft:powder_snow":8,"minecraft:crafting_table":7,"minecraft:torch":13,"minecraft:tall_grass":33,"minecraft:copper_ore":6,"minecraft:cobblestone":40,"minecraft:sugar_cane":6,"minecraft:oak_planks":1,"minecraft:diorite":37,"minecraft:wall_torch":5,"minecraft:chain":1,"minecraft:acacia_sapling":3,"minecraft:birch_log":4,"minecraft:wheat":1,"minecraft:grass":271,"minecraft:oak_log":6,"minecraft:coal_ore":62,"minecraft:sand":49,"minecraft:sunflower":1,"minecraft:gravel":11,"minecraft:dirt":170,"minecraft:acacia_planks":105,"minecraft:netherrack":11,"minecraft:oak_leaves":9,"minecraft:deepslate":9},"minecraft:used":{"minecraft:stone_sword":92,"minecraft:flint_and_steel":2,"minecraft:stone_shovel":942,"minecraft:chest":3,"minecraft:shield":2,"minecraft:stone_hoe":189,"minecraft:torch":64,"minecraft:dirt":179,"minecraft:carrot":243,"minecraft:acacia_sapling":11,"minecraft:lava_bucket":30,"minecraft:birch_sapling":1,"minecraft:furnace":6,"minecraft:potato":10,"minecraft:acacia_planks":222,"naturalist:bass":1,"minecraft:water_bucket":51,"minecraft:diorite":37,"minecraft:birch_planks":8,"minecraft:stone_pickaxe":664,"minecraft:oak_planks":1,"minecraft:wooden_pickaxe":31,"minecraft:cherry_planks":1,"minecraft:mossy_cobblestone":1,"minecraft:crafting_table":14,"minecraft:white_bed":1,"minecraft:oak_log":1,"minecraft:bread":59,"minecraft:gravel":6,"minecraft:stone_axe":210,"minecraft:cobblestone":148,"minecraft:andesite":27,"minecraft:bucket":82,"minecraft:chain":1,"minecraft:oak_boat":1},"minecraft:custom":{"minecraft:mob_kills":25,"minecraft:interact_with_crafting_table":66,"minecraft:leave_game":5,"minecraft:time_since_death":207211,"minecraft:climb_one_cm":3591,"minecraft:sprint_one_cm":818273,"minecraft:walk_one_cm":625038,"minecraft:damage_blocked_by_shield":105,"minecraft:drop":42,"minecraft:talked_to_villager":3,"minecraft:play_time":207211,"minecraft:sneak_time":1182,"minecraft:walk_under_water_one_cm":21464,"minecraft:boat_one_cm":19170,"minecraft:jump":3476,"minecraft:walk_on_water_one_cm":43773,"minecraft:total_world_time":207211,"minecraft:interact_with_furnace":29,"minecraft:sleep_in_bed":6,"minecraft:time_since_rest":2284,"minecraft:damage_taken":1558,"minecraft:damage_dealt":4585,"minecraft:swim_one_cm":82176,"minecraft:fly_one_cm":651315,"minecraft:open_chest":55,"minecraft:crouch_one_cm":5447,"tombstone:undead_killed":8,"minecraft:fall_one_cm":75351},"minecraft:crafted":{"minecraft:cherry_planks":4,"minecraft:oak_planks":94,"minecraft:stone_shovel":7,"minecraft:furnace":3,"minecraft:flint_and_steel":1,"minecraft:iron_boots":1,"minecraft:stone_pickaxe":6,"minecraft:chest":3,"minecraft:stone_hoe":2,"minecraft:wheat":245,"iceandfire:silver_ingot":4,"minecraft:crafting_table":7,"minecraft:wooden_pickaxe":1,"minecraft:birch_planks":26,"minecraft:bucket":1,"minecraft:hay_block":6,"minecraft:stone_axe":5,"minecraft:bread":69,"minecraft:air":0,"minecraft:oak_boat":1,"minecraft:white_wool":3,"minecraft:iron_chestplate":1,"minecraft:shield":1,"minecraft:stick":48,"minecraft:iron_ingot":23,"minecraft:stone_sword":1,"minecraft:iron_leggings":1,"minecraft:gold_ingot":25,"minecraft:white_bed":1,"minecraft:acacia_planks":204,"minecraft:torch":50},"minecraft:dropped":{"minecraft:water_bucket":1,"minecraft:iron_ingot":3,"minecraft:bread":1,"minecraft:birch_planks":2,"minecraft:iron_helmet":2,"minecraft:stick":7,"minecraft:emerald":2,"minecraft:dirt":5,"tombstone:bag_of_seeds":1,"minecraft:torch":4,"minecraft:cornflower":1,"minecraft:chain":5,"minecraft:sunflower":1,"iceandfire:ash":2,"minecraft:string":7,"minecraft:bone":3,"minecraft:stone_axe":1,"minecraft:raw_copper":23,"minecraft:wheat":1,"minecraft:stone_shovel":1,"minecraft:rotten_flesh":6,"minecraft:carrot":8,"minecraft:hay_block":7,"minecraft:andesite":35,"minecraft:oak_sapling":4,"minecraft:arrow":1,"minecraft:wooden_pickaxe":1,"minecraft:egg":1},"minecraft:broken":{"minecraft:stone_hoe":1,"minecraft:stone_pickaxe":5,"minecraft:stone_axe":2,"minecraft:stone_shovel":6},"minecraft:picked_up":{"minecraft:crafting_table":7,"minecraft:wheat":2,"minecraft:azure_bluet":3,"minecraft:oak_stairs":2,"minecraft:chain":4,"minecraft:cornflower":1,"minecraft:string":19,"minecraft:raw_copper":23,"minecraft:gold_nugget":346,"minecraft:cobbled_deepslate":9,"minecraft:sugar_cane":12,"minecraft:birch_sapling":1,"minecraft:furnace":3,"minecraft:egg":2,"minecraft:stick":17,"minecraft:raw_iron":30,"minecraft:torch":25,"minecraft:acacia_log":115,"minecraft:cherry_log":11,"minecraft:diorite":37,"minecraft:carrot":221,"minecraft:rotten_flesh":12,"minecraft:arrow":1,"minecraft:stone_shovel":1,"minecraft:hay_block":47,"minecraft:iron_bars":7,"minecraft:cobblestone":435,"minecraft:oxeye_daisy":1,"minecraft:birch_log":37,"minecraft:cherry_planks":1,"minecraft:water_bucket":1,"minecraft:andesite":62,"minecraft:potato":10,"minecraft:birch_planks":2,"minecraft:flint":1,"minecraft:oak_log":110,"minecraft:dirt":775,"naturalist:bass":1,"minecraft:bone":5,"minecraft:acacia_planks":99,"minecraft:apple":2,"minecraft:wheat_seeds":44,"minecraft:iron_ingot":14,"tombstone:bag_of_seeds":1,"minecraft:acacia_sapling":11,"minecraft:oak_planks":1,"iceandfire:ash":2,"minecraft:dandelion":9,"minecraft:gravel":6,"minecraft:sand":40,"minecraft:spider_eye":6,"minecraft:mossy_cobblestone":2,"minecraft:stone_axe":1,"evilcraft:dark_gem":24,"minecraft:iron_helmet":2,"minecraft:emerald":2,"minecraft:bread":1,"minecraft:oak_sapling":9,"minecraft:netherrack":11,"minecraft:coal":80,"iceandfire:raw_silver":7,"minecraft:sunflower":1}},"DataVersion":3465}