{
  "takesapillage:root": {
    "criteria": {
      "always": "2024-05-20 05:40:18 +0000"
    },
    "done": true
  },
  "minecraft:recipes/decorations/crafting_table": {
    "criteria": {
      "unlock_right_away": "2024-05-20 05:40:18 +0000"
    },
    "done": true
  },
  "iceandfire:iceandfire/root": {
    "criteria": {
      "tick": "2024-05-20 05:40:18 +0000"
    },
    "done": true
  },
  "tombstone:adventure/root": {
    "criteria": {
      "auto": "2024-05-20 05:40:19 +0000"
    },
    "done": true
  },
  "minecraft:adventure/adventuring_time": {
    "criteria": {
      "minecraft:sparse_jungle": "2024-05-20 05:43:09 +0000",
      "minecraft:river": "2024-05-20 05:45:39 +0000",
      "minecraft:forest": "2024-05-20 05:45:41 +0000",
      "minecraft:jungle": "2024-05-20 05:45:51 +0000",
      "minecraft:plains": "2024-05-20 05:40:19 +0000"
    },
    "done": false
  },
  "DataVersion": 3465
}